#No,#Point1,#Point2,#Point3,#Point4,#Point5,#Point6,#Point7,#Point8,#Point9,#Point10,#Point11,#Point12,#Point13,#Point14,#Point15,#Point16,#Point17,#Point18,#Point19,#Point20
1,64.22 58.56 14.25 0.76,64.18 25.94 28.6 0.04,9.52 14.06 28.71 0.88,72.94 37.71 5.01 0.46,30.54 26.05 69.18 0.81,0.12 88.81 19.3 0.42,21.07 67.2 81.97 0.25,89.98 20.11 36.41 1,22.36 28.01 17.75 0.57,24.81 42.62 54.17 0.62,37.1 67.67 86.13 0.23,80.4 11.68 95.24 0.27,50.38 74.37 93.42 0.27,90.89 92.47 80.79 0.09,37.89 63.09 57.49 0.16,95.55 99.21 63.13 0.17,19.82 20.42 34.09 0.49,74.75 39.72 12.85 0.06,90.48 58.01 63.26 0.44,12.51 49.06 85.54 0.46
2,14.58 82.32 18.33 0.01,15.31 90.45 65.17 0.18,0.49 31.52 11.36 0.72,10.65 94.19 20.41 0.85,15.1 48.88 15.56 0.58,45.13 49.83 23.76 0.02,41.69 33.55 60.59 0.94,47.72 84 46.78 0.83,51.72 40.16 95.35 0.19,50.42 21 48.21 0.79,1.17 44.93 63.82 0.76,6.57 64.38 56.44 0.57,13.09 27.64 94.44 0.21,85.94 49.06 48.58 0.74,92.95 28.26 4.71 0.49,66.55 62.62 33.32 0.37,80.01 46.87 22.34 0.3,6.42 45.19 80.58 0.94,20.1 67.16 49.03 0.55,70.44 8.22 13.64 0.64
3,86.88 27.03 59.06 0.07,23.66 96.02 87.46 0.81,86.16 77.05 62.43 0.52,41.16 61.68 26.37 0.94,99.87 9.1 69.96 0.77,27.75 10.19 52.83 0.45,11.48 86.2 8.64 0.47,3.29 69.91 71 0.96,79.18 7.14 0.31 0.08,83.73 33.16 26.12 0.35,20.85 22.82 14.36 0.66,86.96 84.35 14.38 0.08,13.09 79.49 31.69 0.93,12.11 78.2 4.95 0.7,58.7 1.53 60.05 0.04,10.83 70.08 45.86 0.47,18.7 44.68 24.98 0.13,91.12 63.16 85.73 0.21,35.09 72.84 71.2 0.07,12.88 75.18 66.92 0.2
4,61.54 86.78 59.56 0.37,39.85 84.9 68.81 0.54,83.18 30.29 62.72 0.43,56.31 70.03 51.22 0.56,52.55 40.42 73.39 0.94,95.41 9.72 14.41 0.76,88.05 10.91 94.79 0.12,56.01 10.92 39.85 0.66,34.86 53.94 26.6 0.72,54.34 63.32 81.55 0.23,3.77 32.33 63.19 0.63,68.02 83.68 74.94 0.69,29.64 56.79 10.37 0.86,40.15 35 19.71 0.72,23.58 45.03 42.51 0.96,24.17 10.3 70.1 0.85,56.98 61.16 67.84 0.38,6.18 95.6 23.56 0.39,0.51 77.57 68.86 0.79,36 76.36 43.19 0.35
5,20.97 39.3 15.08 0.71,83.37 55.17 12.24 0.06,3.32 89.81 27.42 0.32,36.29 72.7 48.29 0.23,76.69 3.33 73.31 0.39,18.74 48.83 22.17 0.51,11.56 6.34 2.08 0.37,84.36 10.08 86.99 0.1,28.86 55.78 46.09 0.87,71.08 10.47 48.24 0.64,4.28 59.62 89.22 0.33,3.91 95.92 83.29 0.19,73.67 44.57 29.89 0.96,35.91 7.78 39.3 0.19,1.87 52.97 77.7 0.1,96.16 71.52 26 0.18,14.31 45.91 44.35 0.83,51.61 61.86 18.07 0.88,7.6 77.22 55.17 0.21,93.21 34.77 60.81 0.76
6,19.7 74.9 41.84 0.63,36.77 44.35 72.77 0.55,8.71 63.14 64.19 0.1,20.55 43.01 4.23 0.61,17.48 37.28 64.7 0.07,96.27 66.46 21.34 0.06,90.81 40.75 33.28 0.65,81.92 44.77 68.22 0.31,41.08 81.71 60.34 0.1,31.63 36.08 5.04 0.58,69.71 80.87 25.35 0.82,16.54 24.32 21.41 0.92,91.78 71.76 10.92 0.03,25.35 24.57 50.93 0.46,28.88 79.85 50.14 0.25,18.49 94.78 30.06 0.02,27.16 81.16 50.29 0.12,46.22 73.33 94.01 0.3,86.56 18.44 24.39 0.93,35.17 25.52 38.2 0.11
7,20.77 15.14 45.32 0.53,24.06 23.94 28.55 0.86,14.15 90.67 68.71 0.85,50 27.4 36.81 0.28,29.85 7.38 17.13 0.65,70.34 81.29 21.41 0.77,90.86 42.96 34.59 0.53,87.99 10.91 78.77 0.09,54.4 66.67 21.82 0.07,71.37 69.45 88.53 0.09,71.46 70.2 83.62 0.56,15.29 40.06 88.9 0.85,18.85 63.88 77.47 0.19,76.87 36.99 13.3 0.59,43.8 35.98 21.65 0.82,41.3 92.21 60.65 0.7,24.97 83.37 35.87 0.31,78.24 43.03 76.6 0.43,80.65 42.5 0.83 0.6,64.64 92.8 79.58 0.57
8,59.8 40.34 54.97 0.36,34.2 36 80.81 0.64,41.4 57.68 88.66 0.3,78.44 21.47 2.41 0.97,37.34 41.07 13.06 0.43,53.81 38.51 95.21 0.19,67.93 8.62 31.96 0.15,46.05 3.12 6.14 0.49,14.8 28.17 85.46 0.82,67.62 64.71 11.29 0.56,81.13 26.44 5.62 0.81,90.89 24.33 92.84 0.27,80.31 87.72 75.14 0.01,87.93 64.12 33.47 0.07,60.72 26.32 1.33 0.52,44.94 35.27 67.5 0.43,42.67 1.59 86.38 0.42,43.17 54.31 58.56 0.05,69.15 11.53 56.67 0.17,50.97 88.57 1.31 0.07
9,57.32 98.77 10.7 0.38,40.06 27.31 38.9 0.94,88.64 47.8 90.83 0.29,60.63 81.03 36.52 0.3,83.73 47.39 84.11 0.07,31.14 23.13 94.02 0.46,44.7 78.7 86.48 0.08,42.42 92.8 4.28 0.59,47.14 6.84 15.43 0.02,50.64 66.75 4.8 0.21,66.07 14.11 30.68 0.97,8.52 54.99 47.81 0.97,55.58 69.64 84.11 0.59,57.73 34.68 70.7 0.82,6.06 71.12 68.32 0.57,89.27 44.49 75.16 0.32,98.41 51.51 39.16 0.64,63.38 59.53 19.93 0.36,70.88 3.62 89 0.81,83.65 4.99 13.82 0.44
10,33.65 19.86 40.26 0.25,48.51 72.45 39.98 0.09,54.53 17.85 42.68 0.23,67.26 77.84 26.78 0.75,97.34 6.57 79.12 0.84,20.64 3.47 46.93 0.08,38.94 85.74 27.45 0.54,62.07 39.03 53.31 0.05,24.35 87.41 38.3 0.5,32.98 63.4 85.94 0.84,6.12 27.73 17.25 0.3,12.73 43.11 21 0.21,78.23 5.72 73.37 0.9,80.8 38.39 17.41 0.21,48.09 40.53 94.62 0.22,42.29 48.19 15.3 0.25,1.32 97.69 75.27 0.14,1.83 14.54 5.09 0.84,22.83 93.29 63.67 0.3,47.91 84.79 87.98 0.66
11,20.87 32.82 39.08 0.98,94.18 55.63 19.31 0.88,91.15 20.32 70.68 0.52,54.53 34.65 28.51 0.73,28.41 28.52 82.52 0.39,11.38 14.28 63.07 0,13.38 19.97 20 0.95,73.44 92.76 9.69 0.83,79.33 20.19 45.33 0.8,7.64 70.37 40 0.09,42.08 58.9 37.57 0.41,31.9 6.92 57.19 0.06,70.29 89.79 89.51 0.07,52.39 68.67 46.72 0.36,61.57 64.06 37.77 0.92,60.09 44.99 31.94 0.52,99.32 48.26 8.05 0.5,75.36 95.78 5.05 0.48,93.04 97.65 13.77 0.54,31.43 85.92 43.04 0.23
12,63.13 77.65 99.92 0.45,55.46 75.76 4.01 0.39,23.83 16.48 67.11 0.21,59.57 90.07 13.12 0.11,80.32 32.7 5.24 0.7,79.76 84.68 60.64 0.35,13.38 46.32 76.48 0.57,95.23 40.1 28.05 0.99,41.04 20.93 27.69 0.71,4.43 53.6 9.98 0.16,52.41 89.45 31.92 0.4,69.99 93.2 12.37 0.3,92.96 54.5 84.77 0.34,16.82 60.11 64.91 0.57,47.08 87.06 92.61 0.5,47.48 33.62 3.39 0.18,45.94 62.57 36.63 0.01,33.25 67.59 80.15 0.62,88.94 45.91 97.9 0.03,55.37 71.4 22.91 0.56
13,83.69 69.04 28.95 0.25,55.83 48.1 73.8 0.58,49.22 38.18 42.01 0.98,86.91 17.77 77.31 0.81,24.44 10.62 10.18 0.34,91.99 86.29 14.35 0.14,50.69 15.22 78.64 0.41,32.3 54.37 83.09 0.32,20.07 40.38 23.05 0.67,34.11 56.74 89.6 0.94,21.1 35.23 64.57 0.74,64 8.1 13.79 0.33,33.83 58.97 82.23 0.63,7.1 35.7 79.63 0.3,39.42 79.75 93.88 0.59,58.89 73.85 1.17 0.82,52.17 59.91 99.36 0.1,87.04 83.68 58.38 0.52,59.03 62.29 98.68 0.89,27.18 98.15 75.91 0.87
14,70.35 37.69 36.62 0.09,33.75 64.3 43.48 0.96,60.64 44.83 36.4 0.14,71.2 80.59 24.04 0.63,32.16 29.15 42.28 0.64,72.14 15.16 88.94 0.59,39.28 49.24 64.33 0.75,25.97 58.93 72.69 0.49,2.88 68.47 12.9 0.94,18.39 81.93 59.36 0.83,89.26 5.55 56.85 0.05,73.5 71.66 76.75 0.92,60.97 73.03 85.18 0.29,55.21 37.5 44.5 0.71,10.9 72.98 21.4 0.35,87.42 69.08 41.32 0.63,86.72 80.1 77.11 0.68,39.27 26.03 44.91 0.77,64.14 71.37 96.34 0.44,66.42 85.87 39.09 0.41
15,38.49 39.32 8.55 0.61,84.43 62.79 2.08 0.12,11.32 4.3 48.64 0.66,41.92 13.09 10.75 0.32,83.32 84 31.43 0.58,83.48 54.5 76.41 0.64,40.42 87.03 86.03 0.43,19.16 19.76 22.02 0.06,25.91 0.72 97.26 0.08,24.64 68.95 34.97 0.84,5.81 20.87 13.75 0.03,38.61 95.7 82.42 0.35,51.08 0.04 61.2 0.77,18.12 83.19 77.12 0.85,59.93 26.5 95.2 0.29,1.42 54.17 35.44 0.47,98.42 34.86 93.69 0.97,85.32 35.43 68.03 0.45,73.04 87.31 40.26 0.39,57.14 87.04 46.04 0.71
16,34.06 5.75 31.49 0.52,99.6 60.45 58.68 0.72,43.79 33.32 68.54 0.63,38.27 58.38 78.9 0.96,6.32 31.01 80.31 0.89,36.02 50.67 13.13 0.94,21.28 92.62 84.98 0.87,67.6 84.16 14.78 0.77,94.9 56.85 68.07 0.65,75.53 39.16 29.4 0.89,10.6 40.7 40.36 0,48.98 81.79 75.57 0.28,21.88 94.19 6 0.3,98.04 29.92 43.67 0.53,94.56 52.2 96.85 0.81,14.02 2.48 1 0.14,55.54 17.78 33.2 0.24,77.11 2.59 81.85 0.07,21.03 95.64 11.1 0.91,86.26 79.52 8.92 0.03
17,23.71 99.27 75.52 0.7,14.02 90.48 95.63 0.56,66.69 6.74 38.09 0.52,42.42 20.59 8.16 0.34,72.53 5.61 21.51 0.76,3.64 26.73 91.18 0,91.32 80.9 6.34 0.73,8.92 74.24 21.62 0.67,27.9 27.02 99.03 0.26,2.14 29.01 18.48 0.92,60.87 42.21 69.33 0.39,43.79 66.96 89.91 0.01,54.13 38.23 24.47 0.25,48.37 44.12 62.49 0.5,71.76 70.26 79.47 0.37,49.3 68.88 24.66 0.49,19.88 52.66 19.97 0,7.35 67.39 63.79 0.98,73.69 35.77 51.87 0.1,5.9 16.44 95.88 0.94
18,64.23 58.76 47.41 0.22,56.8 0.27 27.91 0.16,38.1 14.11 62.83 0.76,94.13 35.25 83.65 0.15,14.71 8.29 34.43 0.79,39.9 7.09 17.47 0.55,57.71 40.53 20.79 0.8,63.14 26.8 10.91 0.87,92.52 22.27 12.83 0.18,24.73 46.33 98.11 0.62,28.86 72.27 86.07 0.41,55.04 94.31 57 0.23,64.95 49.09 60.28 0.44,95.16 80.91 51.48 0.87,74.64 3.46 27.59 0.24,88.08 2.2 73.33 0.04,7.82 46.82 29.57 0.81,73.28 90.64 79.31 0.01,34.65 81.86 25.28 0.65,84.24 90.21 3.02 0.11
19,88.17 87.16 12.25 0.76,90.03 64.12 97.05 0.3,63.84 70.34 86.75 0.8,22.22 51.3 3.59 0.57,15.99 34.88 10.63 0.13,83.86 27.45 55.93 0.06,72.26 48.27 36.96 0.62,33.47 33.71 49.33 0.36,99.24 47.2 1.44 0.81,79.96 35.34 16.26 0.23,21.81 4.67 23.36 0.71,42.85 81.94 14.33 0.26,59.13 72.56 16.64 0.48,29.72 40.06 85.07 0.85,15.17 46.38 55.78 0.24,6.76 60.46 97.74 0.76,63.51 2.91 22.76 0.71,19.2 75.87 60.45 0.85,66.78 82.77 5.15 0.31,45.24 1.01 80.43 0.37
20,97.66 41.8 16.62 0.26,72.73 93.5 50.54 0.84,34.22 38.88 25.24 0.19,65.54 65.34 93.97 0.3,92.39 40.82 5.11 0.02,41.58 29.59 38.26 0.79,57.69 19.75 81.76 0.84,43.71 86.92 4.13 0.76,45.55 58.24 82.99 0.47,74.66 91.97 79.43 0.02,60.5 14.6 42.64 0.87,2.54 15.33 1.26 0.69,83.93 99.05 36.8 0.59,26.69 5.8 28.27 0.78,74.16 78.42 98.75 0.03,82.84 22.98 79.92 0.71,66.4 21.48 46.71 0.86,91.73 23.45 55.65 0.31,83.15 28.73 56.87 0.95,96.02 53.87 22.18 0.91
21,39.28 74.83 54.1 0.81,56.73 44.14 4.2 0.43,44.65 5.01 22.91 0.7,27.64 85.31 88.68 0.55,89.01 88.78 84.77 0.24,56.62 64.16 74.09 0.33,17.85 56.62 23.87 0.95,30.26 42.09 75.47 0.56,56.17 71.71 22.93 0.15,8.11 51.26 15.58 0.78,97.43 30.7 76.17 0.19,26.27 93.24 67.79 0.9,64.34 42.5 39.02 0.13,42.26 56.06 47.42 0.99,62.23 74.14 55.47 0.74,1 29.4 53.46 0.36,63.01 19.35 7.21 0.09,10.44 97.9 3 0.47,96.55 89.29 71.67 0.02,43.69 50.38 77.46 0.36
22,93.41 67.12 34.85 0.51,35.08 9.17 10.47 0.99,50.79 92.34 28.81 0.44,0.58 20.5 31.93 0.29,64.95 46.4 65.58 0.56,76.52 17.05 55.63 0.24,56.14 27.18 27.49 0.2,43.54 17.5 5.57 0.03,12.96 52.5 18.63 0.29,99.66 14.23 6.43 0.75,55.79 22.65 59.62 0.65,29.22 77.79 31.33 0.27,63.87 10.83 32.96 0.95,52.34 18.09 30.88 0.1,11.16 47.99 52.14 0.92,36.61 9.39 86.83 0.45,63.82 58.05 23.74 0.06,65.89 34.12 67.79 0.92,17.31 96.66 70.68 0.82,61.1 76.34 13.89 0.54
23,79.31 5.63 19.47 0.41,4.97 94.84 42.23 0,20.84 8.62 7.09 0.46,70.27 33.05 32.61 0.16,4.84 79.55 63.69 0.98,3.47 64.33 27.18 0.97,34.01 78.66 3.82 0.13,25.43 4.63 4.84 0.79,80.33 93.13 88.54 0.83,84.42 0.15 18.32 0.96,64.83 88.43 47.83 0.59,70.45 65.78 86.58 0.34,21.03 89.15 59.74 0.25,33.59 80.03 75.44 0.09,32.72 15.56 79.73 0.17,36.09 6.07 54.63 1,53.96 19.15 75.01 0.58,10 59.71 46.17 0.93,1.97 11.87 46.77 0.9,55.2 82.86 14.7 0.48
24,40.19 39.29 81.41 0.24,4.98 46.22 85.61 0.36,32.94 95.7 66.75 0.61,48.98 94.26 14.96 0.9,57.68 81.43 45.98 0.38,66.96 21.15 17.54 0.4,5.64 86.46 32.22 0.63,9.87 23.01 22 0.59,28.34 26.42 72.08 0.3,83.29 45.6 61.86 1,48.6 92.27 62.87 0.68,75.2 76.02 50.54 0.35,41.26 43.19 80.98 0.62,8.08 60.71 52.75 0.45,80.73 40.78 70.69 0.36,9.39 99.08 23.41 0.07,26.9 13.3 72.66 0.73,72.47 76.45 0.63 0.85,40.42 96.52 75.76 0.03,45.48 27.02 96.57 0.58
25,28.96 59.34 99.92 0.51,60.57 36.45 83.77 0.53,7.11 97.83 97.6 0.27,97.12 4.06 69.1 0.34,56.12 85.87 97.05 0.37,3.99 17.56 85.67 0.17,63.47 45.69 12.45 0.24,92.51 20.46 47.18 0.14,94.49 87.1 76.09 0.31,34.17 74.58 14.98 0.4,19.01 52.27 49.7 0.94,50.96 94.71 72.2 0.59,87.82 61.2 16.35 0.96,0.21 8.51 19.06 0.63,18.24 50.67 43.76 0.89,97.42 50.84 16.04 0.08,73.32 78.82 34.31 0.68,58.58 77.05 12.29 0.18,30.7 83.62 89.25 0.01,20.13 4.93 43.46 0.64
26,54.66 15.7 20.14 0.28,15.33 46.74 9.66 0.81,72.01 73.5 97.17 0.2,62 39.86 63.04 0.27,80.2 96.61 54.6 0.72,12.64 13.09 76.43 0.45,35.57 28.13 91.15 0.56,44.59 23.48 35.99 0.99,72.35 51.29 38.15 0.63,95.53 93.05 35.42 0.77,95.22 60.62 22.93 0.06,83.01 30.71 99.36 0.13,16.06 81.41 12.27 0.78,59.61 40.94 30.92 0.13,4.02 1.2 0.96 0.9,49.69 46.43 7.55 0,28.47 94.77 71.23 0.93,6.6 93.46 95.72 0.47,45.75 73.41 65.99 0.41,70.26 7.01 57.04 0.25
27,82.94 18.62 47.82 0.78,76.77 12.2 10.95 0.68,17.47 10.6 71.25 0,91.47 29.27 62.7 0.92,64.23 17.57 44.91 0.26,99.75 78.32 97.44 0.24,9.02 21.46 16.51 0.65,27.21 4.76 80.64 0.22,8.47 34.68 48.25 0.28,34.96 87.4 80.11 0.82,81.65 37.85 47.83 0.35,44.12 28.17 8.18 0.19,84.01 57.62 92.95 0.68,43.48 34.06 37.36 0.07,92.99 70.62 54.67 0.92,5.38 4.63 56.34 0.24,51.68 6.28 31.48 0.51,48.63 55.85 28.65 0.92,42.58 14.76 67.95 0.31,56.34 19.13 84.53 0.04
28,71.82 9.96 38.04 0.12,93.95 16.16 92.97 0.58,86.55 77.13 41.62 0.31,9.31 18.42 79.98 0.95,54.76 10.88 42.32 0.65,3.37 53.38 13.31 0.77,94.9 59.66 43.58 0.47,61.29 61.75 32.49 0.99,39.28 15.7 45.02 0.1,65.77 57.18 74.57 0.66,14.25 94.69 74.92 0.52,30.14 57.89 41.82 0.67,57.79 92.22 7.53 0.84,3.41 82.13 96.87 0.82,29.69 29.73 57.88 0.33,54.31 75.7 86.01 0.66,52.14 64.85 17.37 0.19,90.58 99.35 12.49 0.68,82.05 74.84 81.59 0,18.22 47.54 14.55 0
29,24.78 84.04 33 0.28,47.72 67.54 86.62 0.35,26.1 85.78 38.9 0.77,45.47 35.88 34.37 0.36,98.11 60.77 36.33 0.81,2.31 12.73 15.46 0.19,86.99 65.04 39.46 0.99,83.24 7.98 78.61 0.24,49.39 3.98 4.21 0.31,75.35 78.42 77.83 0.19,0.95 22.06 44 0.14,93.66 22.5 28.07 0.9,14.28 76.81 17.49 0.14,97.18 18.78 39.03 0.5,36.1 62.55 3.79 0.33,13.7 15.55 31.94 0.6,81.2 17.06 21.45 0.15,27.32 77.73 83.55 0.64,55.71 77.23 93.72 0.47,98.7 58.72 53.12 0.6
30,98.72 36.71 46.81 0.04,86.41 82.33 71.27 0.89,45.3 45.63 84.75 0.23,27.2 62.05 41.78 0.02,93.66 95.79 91.03 0.86,78.15 2.06 59.11 0.14,1.82 84.01 19.2 0.95,25.91 4.69 21.38 0.33,2.61 39.66 78.01 0.26,56.48 78.86 99.75 0.3,9.51 84.01 92.44 0.22,45.9 50.77 81.13 0.97,3.77 85.62 82.85 0.43,58.21 19.34 41.27 0,29.34 18.62 7.97 0.54,2.29 3.76 42.35 0.89,85 37.53 88.98 0.77,90.25 71.7 23 0.65,51.99 58.3 82.88 0.53,84.26 4.79 52.74 0.87
31,85.23 61.1 57.96 0.62,26.25 25.42 24.66 0.18,98.14 80.42 8.68 0.31,69.93 78.84 1.43 0.73,33.34 19.77 19.12 0.27,33.41 39.34 12.79 0.28,46.44 81.27 79.23 0.37,45.85 68.16 39.93 0.51,52.34 12.07 4.42 0.94,52.53 91.25 64.92 0.52,58.14 80.73 98.16 0.86,26.19 62.53 58.29 0.01,32.92 90.11 84.51 0.44,38.39 10.29 90.15 0.1,40.97 6.03 77.99 0.34,48.56 45.42 3.27 0.37,70.85 44.7 16.33 0.08,23.92 14.48 89.19 0.6,21.07 51.27 94.44 0.56,20.88 0.2 44.39 0.52
32,98.03 61.6 74.08 0.15,11.37 80.07 77.68 0.94,71.58 78.52 83.08 0.14,11.63 32.07 81.6 0.33,88.01 18.57 3.15 0.24,25.07 18.62 54.51 0.36,90.05 6.62 8.41 0.14,79.31 44.7 63.45 0.84,84.72 61.1 4.38 0.65,23.5 4.13 21.77 0.01,9.09 45.82 71.55 0.72,49.68 91.67 39.48 0.97,24.42 6.21 66.98 0.55,53.92 40.88 3.01 0.81,39.11 74 36.66 0.68,69.56 0.69 98.2 0.14,41.99 68.37 35.64 0.57,21.69 89.78 32.47 0.3,3.88 65.64 33.96 0.34,43.61 12.6 53.74 0.13
33,57.26 87.86 13.15 0.47,84.59 76.68 24.93 0.7,67.52 30.91 45.9 0.46,35.88 85.87 45.72 0.92,10.39 8.27 32.12 0.72,48.95 65.47 26.58 0.55,66.46 7.11 80.01 0.71,83.08 76.68 42.9 0.73,78.29 48.05 5.34 0.67,22.36 42.12 24.9 0.08,39.37 71.69 87.31 1,43.51 33.57 33.99 0.13,21.7 33.06 89.59 0.13,79.23 4.59 90.32 0.94,70.25 98.91 45.87 0.57,44.24 65.58 1.16 0.63,94.84 72.42 83.51 0.62,17.78 81.84 97.78 0.03,6.78 33.56 41.08 0.89,39.65 5.75 78.21 0.92
34,44.62 16.49 94.39 0.51,66.26 11.73 55.45 0.24,87.47 42.84 28.64 0.57,36.74 70.19 61.15 0.93,20.35 26.54 21.2 0.31,3 53.31 51.09 0.33,54.85 69.98 4.81 0,20.53 82.46 76.05 0.37,4.03 90.56 22.04 0.71,56.73 59.5 14.07 0.68,61.25 66.12 12.31 0.55,12.34 89.52 43.96 0.69,82.43 27.97 14.61 0.91,23.48 81.24 12.49 0.13,92.67 97.27 62.18 0.6,5.84 2.55 94.96 0.45,38.94 81.85 1.26 0.3,99.84 8.7 21.73 0.91,75.96 77.54 59.75 0.07,13.13 61.03 26.2 0.79
35,76.7 81.48 92.19 0.95,19.52 40.61 22.37 0.46,82.62 86.56 98.55 0.7,31.98 0.68 60.33 0.42,79.67 52.48 99.05 0.31,96.83 38.91 34.98 0.25,7.7 76.34 3.38 1,98.49 57.75 99.63 0.58,8.7 46.54 75.6 0.81,73.1 52.69 8.97 0.27,83.39 1.86 86.13 0.72,92.32 33.48 98.97 0.16,61.91 34.68 29.59 0.56,64.27 81.13 46.82 0.48,2.54 73.39 56.9 0.35,12.59 53.73 16.62 0.85,72.23 41.97 59.9 0,88.29 6.89 55.7 0.75,81.43 30.36 58.46 0.69,78.92 16.75 42.25 0.57
36,0.35 82.61 58.67 0.25,37.15 64.07 59.16 0.07,73.93 6.25 48.32 0.58,59 94.15 36.56 0.22,72.65 62.34 5.36 0,11.36 96.87 28.11 0.53,19.29 65.75 41.89 0.79,26.5 80.22 5.63 0.2,79.59 43.18 99.28 0.09,74.72 89.86 60.79 0.31,43.79 79.91 98 0.38,58.23 56.53 20.15 0.67,45.41 51.37 17.96 0.66,42.35 40.26 88.1 0.9,25.15 49.59 61.33 0.67,61.96 97.57 2.56 0.71,28.39 84.72 95.91 0.93,66.49 56.74 71.08 0.39,80.15 24.43 27.75 0.11,43.69 86.34 50.05 1
37,23.36 65.99 82.72 0.04,55.93 92.81 64.69 0.41,43.68 62.6 35 0.21,99.12 94.8 65.69 0.93,11.57 83.03 7.14 0.75,24.58 28.8 3.51 0.26,52.81 0.33 11.03 0.55,20.6 30.93 76.91 0.3,4.78 84.49 7.25 0.5,94.74 12.01 90.79 0.42,61.16 7.78 38.32 0.94,23.03 81.51 83.67 0.46,29.75 38.6 33.46 0.17,96.93 4.69 93.38 0,83.59 77.96 84.05 0.69,80.31 9.86 24.34 0.36,36.34 84.39 60.57 0.12,56.57 51.4 85.24 0.18,41.59 90.2 7.64 0.8,26.1 51.71 44.48 0.39
38,52.29 52.83 42.01 0.53,74.64 21.23 48.81 0.41,26.49 48.63 83.19 0.52,79.18 89.88 8.59 0.88,3.93 33.43 62.18 0.23,92.71 79.89 36.65 0.23,43 67.7 81.56 0.04,40.05 19.23 73.45 0.22,95.97 86.27 25.97 0.16,52.1 7.07 86.31 0.54,7.02 46.11 90.68 0.07,64.06 50.02 45.68 0.82,29.88 64.94 13.31 0.02,85.08 78.51 69.44 0.14,31.12 59.13 92.88 0.09,5.97 41.84 8.06 0.08,64.79 63.2 59.99 0.97,13.12 49.19 42.17 0.17,95.43 28.23 72.88 0.01,97.41 80.07 19.71 0.07
39,3.57 63.67 85.82 0.05,18.46 92.94 31.27 0.51,85.7 57.06 64.78 0.03,39.58 94.23 84.58 0.05,6.39 64.76 25.35 0.92,50.14 45.02 55.51 0.7,94.11 92.65 78.92 0.89,73.58 8.94 82.91 0.45,20.26 98.14 29.45 0.9,86.16 49.4 60.62 0.51,84.78 50.15 27.05 0.14,19.52 76.31 17.02 0.06,50.25 40.72 58.25 0.89,88.84 60.75 48.58 0.69,20.9 39.13 23.37 0.69,36.99 61.95 77.59 0.78,8.06 98.04 76.82 0.98,58.53 3.72 28.2 0.37,37.33 98.99 5.95 0.31,58.65 43.55 36.23 0.82
40,94.91 97.21 16.27 0.83,23.82 66.88 26.5 0.23,39.21 99.34 54.86 0.51,4.95 22.73 7.98 0.25,19.14 100 57.87 0.11,41.56 31.52 11.67 0.35,28.98 75.78 52.21 0.93,35.94 67.31 76.58 0.48,49.3 62.84 9.34 0.06,90.68 71.59 63.52 0.52,72.25 88.97 81.32 0.81,27.13 50.84 27.83 0.39,75.35 50.66 5.92 0.59,39.08 13.75 90.67 0.49,92.57 61.11 0.92 0.71,17.15 51.64 65.15 0.65,27.5 32.46 82.26 0.22,55.5 51.72 30.5 0.98,39.22 83.04 54.09 0.87,79.97 69.81 74.93 0.72
41,96.39 98.95 20.07 0.52,53.71 12.95 93.13 0.76,90.92 73.53 49.36 0.93,84.4 49.7 5.83 0.92,56.93 28.86 14.16 0.68,68.33 8.9 64.67 0.41,58.4 26.01 13.09 0.29,60.48 60.88 85.42 0.83,56.2 20.28 61.6 0.38,35.97 99.67 97.56 0.1,46.93 5.53 38.57 0.17,0.93 3.63 63.93 0.76,21.06 69.73 29.31 0.97,15.71 11.46 14.05 0.01,3.95 90.19 71.64 0.37,35.39 65.98 0.75 0.37,4.6 46.75 96.82 0.61,90.86 4.43 23.03 0.82,6.94 90.83 33.13 0.64,20.02 40.22 62.82 0.14
42,86.34 88.98 20.96 0.38,20.56 26.28 31.2 0.55,90.7 14.79 55.98 0.65,65.23 94.04 96.74 0.85,30.36 47.43 10.52 0.16,89.35 88.43 10.17 0.71,89.14 64.16 90.78 0.47,40.8 48.16 94.75 0.58,15.47 84.11 41.93 0.23,96.85 23.28 29.03 0.37,91.3 23.68 10.86 0.23,41.04 71.6 3.71 0.32,45.3 59.35 31.67 0.32,65.19 13.81 33.2 0.99,16.56 67 32.87 0.24,72.5 1.67 7.57 0.01,44.6 87.71 53.75 0.78,6.5 45.31 75.65 0.88,4.79 86.61 17.27 0.13,80.96 89.3 1.25 0.31
43,86.67 25.97 75.16 0.96,96.33 70.46 48.53 0.7,58.57 32.32 45.36 0.54,3.64 68.8 4.23 0.01,89.02 95.02 83.05 0.61,93.99 85.05 23.34 0.64,25.2 23.5 19.7 0.72,90.85 13.64 69.13 0.43,11.89 60.73 95.97 0.87,47.91 67.11 3.25 0.67,30.02 20.36 22.55 0.68,96.93 51.94 52.74 0.57,76.06 67 32.4 0.18,83.42 99.74 45.11 0.88,78.47 30.55 11.32 0.7,93.71 24.89 60.72 0.07,31.78 90.45 60.27 0.33,97.44 22.96 42.04 0.88,90.74 84.58 46.15 0.82,70.69 95.21 46.71 0.71
44,39.41 99.29 71.07 0.04,21.66 65.42 44.71 0.33,7.49 93.07 36.58 0.66,49.17 50.6 96.72 1,28.68 41.02 67.66 0.94,45.48 96.07 75.53 0.16,57.9 82.29 4.11 0.25,35.69 10.77 96.71 0.1,44.88 41.69 25.92 0.86,85.52 34.77 98.68 0.77,55.02 52.47 58.81 0.75,54.08 65.8 99.45 0.93,36.94 46.62 54.53 0.75,35.59 67.24 14.19 0.28,10.27 74.94 79.54 0.19,23.83 84.75 33.87 0.42,25.48 29.74 99.89 0.24,63.17 87.03 96.31 0.18,65.5 38.4 39.1 0.27,2.68 64.78 85.89 0.81
45,79.62 32.59 6.87 0.67,85.25 42.39 83.29 0.53,4.27 23.31 68.88 0.14,8.64 76.28 99.95 0.04,15.75 31.39 14.92 0.66,6.99 63.55 20.09 0.5,43.35 38.65 3.75 0.75,22.94 24.94 39.36 0.07,95.5 40.97 89.95 0.17,18.66 56.55 46.78 0.59,59.27 45.65 71.75 0.54,12.04 74.45 65.38 0.61,90.38 57.06 13.16 0.18,52.02 28.5 74.79 0.02,33.09 16.73 25.63 0.26,34.42 93.53 2.04 0.4,13.35 22.86 54.25 0.92,62.8 59.61 51.04 0.21,84.89 24.31 78.54 0.82,61.17 7.85 44.42 0.52
46,95.62 48.3 90.5 0.13,56.1 30.45 91.87 0.89,6.8 85.6 75.29 0.48,59.32 61.26 63.58 0.16,54.96 2.94 10.02 0.69,15.62 45.96 55.88 0.87,38.97 3.14 82.14 0.55,90.71 7.78 89.83 0.07,15.33 57.56 74.79 0.81,49.22 5.97 77.97 0.09,54.32 5.64 34.08 0.09,23.11 70.75 46.79 0.47,20.34 28.75 71.45 0.16,97.91 94.71 23.85 0.26,33.93 94.74 80.87 0.42,80.96 10.13 73.62 0.68,9.96 51.31 94.68 0.63,58.52 7.17 80.6 0.16,16.55 62.29 42.58 0.98,85.8 94.98 77.95 0.16
47,44.57 32.11 25.24 0.8,78.53 28.87 10.14 0.5,21.74 89.08 42.63 0.68,31.01 59.7 73.76 0.08,26.84 25.92 75.04 0.74,49.18 97.97 34.1 0.6,97.56 16.02 33.68 0.12,86.24 41.95 58.37 0.71,89.2 23.5 14.13 0.13,83.93 13.97 75.7 0.97,51.78 73.67 18.44 0.42,1.89 80.94 14.21 0.99,11.46 16.22 19.11 0.2,78.91 57.05 55.39 0.41,77.01 29.63 98.88 0.88,96.95 32.84 72.58 0.72,14.29 81.89 30.05 0.89,33.05 16.68 87.54 0.39,51.55 19.42 89.57 0.23,19.65 92.05 59.66 0.85
48,24.94 98.94 28.31 0.84,43.32 88.49 96.57 0.25,64.37 27.79 28.85 0.41,99.02 18.49 82.58 0.82,69.46 3.31 61.78 0.4,57.33 81.22 78.51 0.69,29.28 6.9 69.42 0.94,91.78 81.97 89.29 0.16,88.76 35.75 19.57 0.5,0.38 49.57 84.18 0.89,76.06 84.39 29.05 0.74,10.4 48.51 42.78 0.89,90.39 27.26 5.67 0.54,80.15 25.48 67.81 0.39,91.35 89.63 4.08 0.24,15.85 33.9 46.91 0.38,80.17 61.42 36.7 0.57,35.77 31.02 3.82 0.6,21.47 83.88 43.74 0.93,11.1 60.39 14.33 0.96
49,42.63 38.87 6.59 0.24,86.36 95.89 38.07 1,10.89 93.89 3.49 0.42,54.71 81.27 53.85 0.89,80.31 63.15 65.09 0.15,50.11 66.94 22.25 0.39,62.21 92.03 0.61 0.49,53.61 75.95 69.5 0.33,28.78 31.15 31.23 0.43,91.98 66.71 58.99 0.88,60.74 66.6 36.39 0.47,75.18 42.69 16.31 0.24,30.75 13.46 64.75 0.47,61.64 41.41 81.25 0.87,2.03 52.56 67.41 0.59,40.55 13.85 12.47 0.82,6.76 5.29 51.76 0.75,58.95 33.49 49.61 0.92,51.05 89.43 52.61 0.54,90.56 27.56 83.34 0.64
50,61.11 80.96 33.94 0.85,17.62 35.53 53.94 0.19,1.33 40.12 66.29 0.91,38.24 31.01 39.79 0.69,99.79 82.33 58.01 0.51,2.3 78.47 52.01 0.18,23.13 83.23 26.25 0.17,65.55 0.62 91.53 0.73,66.65 79.43 59.28 0.63,33.74 69.73 97.54 0.72,30.25 66.63 98.53 0.13,44.51 67.31 75.22 0.9,44.25 0.89 97.18 0.45,68.62 8.63 22.4 0.74,45.43 12.76 68.45 0,42.62 72.68 13.16 0.38,69.27 2.48 12.52 1,32.13 66.62 25.75 0.7,67.59 87.38 43.78 0.23,5.11 45.33 30.72 0.83
51,25.44 40.73 74.31 0.01,36.82 44.46 42.17 0.22,33.92 98.78 97.22 0.91,49.93 24.08 92.75 0.15,56.53 72.14 67.29 0.59,85.09 69.34 69.96 0.88,79.76 33.31 32.09 0.71,72.39 87.54 78.52 0.15,12.7 32.61 43.68 0.29,53.23 78.28 76.9 0.9,19.79 40.53 14.91 0.17,31.59 71.89 46.1 0,64.1 65.75 94.36 0.12,98.03 75.6 51.46 0.25,42.81 46.11 33.32 0.52,19.03 3.79 2.98 0.05,12.71 56.02 88.05 0.55,39.41 62.27 61.18 0.51,71.16 59.78 59.18 0.41,28.21 55.09 93.03 0
52,8.84 78.76 34.16 0.5,98.32 68.69 3.31 0.22,82.41 0.9 19.7 0.9,53.74 79.35 55.68 0.03,47.78 65.28 31.86 0.34,9.46 53.16 42.96 0.53,27.05 26.76 63.23 0.57,7.05 73.98 61.82 0.81,99.26 19.99 62.94 0.79,86.14 63.18 59.92 0.23,21.44 52.53 70.68 0.61,67.62 31.75 80.67 0.19,77.64 59.76 68.59 0.73,3.15 36.61 11.26 0.88,65.45 53.18 89.29 0.6,31.58 52.74 16.09 0.04,56.05 7.04 50.83 0.64,94.83 87.49 91.2 0.25,2.02 38.67 23.6 0.75,36.45 57.47 86.06 0.7
53,80.49 96.64 99.38 0.11,74.8 2.04 68.88 0.96,70.67 87.2 37.37 0.81,67.53 11.68 49.27 0.57,96.1 44.12 8.08 0.4,45.08 6.24 94.78 0.85,34.28 69.43 57.74 0.29,63.13 22.22 14.9 0.2,45.91 87.2 29.38 0.83,20.24 99.07 26.66 0.56,57.2 23.11 77.18 0.57,88.41 39.76 29.1 0.58,95.31 26.99 86.68 0.67,25.6 83.82 58.34 0.34,76.28 84.31 7.57 0.41,23.14 23.08 17.26 0.74,82.45 25.32 24.95 0.17,27.73 26.94 26 0.27,21.64 36.09 92.91 0.55,88.51 28.76 92.71 0.41
54,14.41 26.19 75.76 0.68,13.26 69.85 12.93 0.39,58.73 94.74 14.92 0.51,76.95 0.44 98.12 0.01,26.28 52.62 13.34 0.7,57.67 95.08 34.62 0.89,29.13 82.88 92.04 0.57,96.1 31.1 91.88 0.52,39.33 93.32 95.5 1,22.9 3.44 99.33 0.26,40.23 24.45 45.55 0.7,14.47 86.62 5.29 0.53,82.32 85.17 4.55 0.06,56.84 94.77 71.76 0.3,72.96 33.98 52.37 0.18,56.2 32.46 54.6 0.26,84.15 26.89 77.14 0.55,18.57 5.9 18.03 0.01,73.03 52.74 73.22 0.86,79.81 60.9 47.24 0.96
55,77.79 5.45 54.25 0.93,96.58 34.68 47.06 0.01,51.79 0.85 47.97 0.07,40.04 35.28 98.18 0.01,46.72 93.89 33.92 0.59,14.66 88.92 15.29 0.44,0.36 86.79 12.18 0.36,95.97 34.39 50.99 0.21,2.77 77.22 28.5 0.82,95.15 59.91 12.44 0.42,66.24 18.54 89.41 0.44,26.42 36.08 19.96 0.22,10.29 54.89 26.54 0.83,55.72 37.38 25.16 0.05,43.33 75.51 19.54 0.98,5.56 99.28 69.91 0.65,65.7 9.98 25.84 0.94,81.81 63.61 22.38 0.36,54.85 60.37 20.14 0.49,34.49 36.3 45.05 0.12
56,59.5 57.18 91.47 0.38,51.8 42.19 40.72 0.97,78.07 53.26 36.93 0.47,69.69 84.89 81.52 0.74,24.7 85.46 19.97 0.05,4.22 11 55.53 0.1,3.88 98.66 49.5 0.2,16.23 45.61 34.4 0.86,3.93 21.51 57.86 0.4,51.2 47.32 81.24 0.82,72.04 91.07 33 0.73,63.03 80.94 27.99 0.56,28.42 66.55 18.5 0.59,6.45 2.28 81.01 0.45,34.18 73.42 0.28 0.76,28.35 42.38 74.31 0.68,19.94 54.49 78.34 0.97,16.92 58.13 6.69 0.78,9.23 27.36 20.51 0.76,29.21 50.35 13.92 0.35
57,80.35 8.53 29.68 0.64,88.67 3.32 18 0.5,47.92 69.87 21 0.92,32.84 42.13 50.79 0.72,27.5 69.17 31.71 0.55,8.06 87.51 62.62 0.62,21.66 50.15 27.78 0.11,42.58 47.48 73.25 0.93,40.65 55.1 66.44 0.9,58.78 8.71 53.43 0.47,86.22 0.7 79.36 0.25,86.69 5.01 91.52 0.3,94.98 71.34 47.92 0.81,64.95 38.15 97.59 0.7,96.19 47.87 1.66 0.37,29.83 34.54 16.1 0.61,55.76 36.95 67.24 0.9,34.35 72.83 68.48 0.67,51.29 28.71 70.27 0.16,62.28 54.97 82.46 0.71
58,34.71 70.34 75.15 1,38.91 70.64 91.22 0.51,94.11 73.76 41.41 0.6,93.12 66.04 96.99 0.52,12.54 80.23 1.24 0.68,73.24 12.79 2.2 0.19,81.28 38.24 81.89 0.03,11.19 42.17 54.06 0.08,41.27 34.74 67.63 0.94,26.97 82.51 26.1 0.95,44.38 41.64 68.98 0.85,84.99 70.48 99.68 0.67,59.49 45.63 71.28 0.34,69.77 21.54 74.92 0.1,99.91 16.85 55.26 0.38,37.71 25.62 60.79 0.77,60.81 55.59 41.16 0.58,71.64 25.88 66.68 0.69,65.66 54.04 98.77 0.17,30.87 16.56 29.8 0.78
59,55.98 81.49 64.43 0.24,13.64 71.12 12.74 0.7,32.98 53.73 34.13 0.65,86.03 39.05 8.22 0.64,43.64 82.05 43.94 0.73,37.6 97.39 9.91 1,91.1 82.74 44.29 0.86,49.97 15.9 28.12 0.38,5.69 19.2 16.69 0.97,26.22 89.44 50.42 0.87,46.29 92.13 36.25 0.81,64.31 77.35 1.74 0.84,54.39 94.41 44.54 0.17,72.31 32.34 24.73 0.5,71.02 18.2 93.19 0.16,91.4 1.74 88.95 0.15,25.88 98.47 94.61 0.93,56.28 93.23 48.28 0.87,4.37 58.78 45.15 0.74,31.09 80.85 21.14 0.94
60,75.76 66.8 21.05 1,89.14 38.32 69.89 0.79,36.47 74.62 49.87 0.28,64.67 83.33 32.55 0.99,47.04 11.31 32.32 0,29.69 84.57 1.56 0.78,97.84 83.89 60.28 0.11,45.15 16.3 67.78 0.43,92.51 88.27 95.45 0.53,82.88 74.96 54.59 0.6,32.04 96.99 96.33 0.99,82.7 79.48 58.6 0.85,16.95 43.54 18.85 0.48,5.94 80.01 44.87 0.57,13.72 96.65 18.46 0.98,65.28 49.75 39.87 0.17,53.07 87.32 59.1 0.02,35.2 87.57 19.64 0.4,28.47 75.69 12.41 0.77,0.47 76.53 41.57 0.61
61,37.51 35.07 45.55 0.13,18.73 28.44 82.38 0.79,70.04 17.44 37.89 0.13,55.82 60.09 14.82 0.3,8.39 56.19 86.8 0.42,22.67 48.31 4.41 0.82,37.19 70.99 8.59 0.09,83.81 59.25 84.93 0.31,19.25 8.6 35.05 0.48,30.31 27.47 11.39 0.98,20.51 46.17 39.95 0.26,22.35 41.75 86.88 0.5,3.93 29.05 53.09 0.87,53.11 45.69 75.87 0.93,56.73 36.38 5.57 0.44,80.19 10.37 64.35 0.96,65.64 94.24 19.56 0.9,41.72 52.04 35.46 0.63,44.03 51.6 64.12 0.04,33.41 5.75 71.13 0.33
62,56.74 5.55 48.24 0.37,98.31 37.58 45.82 0.4,38.66 39.07 79.76 0.4,74.34 8.5 73.92 0.13,54.97 71.34 48.83 0.36,83.22 18.84 80.19 0.64,43.58 94.61 65.14 0.21,13.5 98.79 27.52 0.42,57.04 42.4 13.35 0.69,1.86 29.47 88.34 0.35,84.89 36.03 27.9 0.23,53.54 55.27 55.29 0.76,80.51 8.49 14.98 0.66,50.19 66.66 55.11 0.04,40.2 64.53 24.85 0.92,1.33 39.57 98.97 0.64,23.98 44.38 62.79 0.95,31.69 95.94 25.72 0.23,18.86 9.29 39.07 0.93,50.95 88.33 47.39 0.56
63,43.95 1.39 6.95 0.01,55.66 68.76 11.7 0.08,99.91 95.93 57.91 0.53,31.98 24.28 38.71 0.32,56.86 86.68 22.92 0.16,10.29 14.6 7.25 0.95,66.9 60.38 78.71 0.05,35.12 33.21 38.16 0.85,46.27 37.96 37.5 0.54,54.2 37.5 25.25 0.33,12.03 2.72 60.32 0.45,73.59 2.68 19.55 0.75,69.87 19.6 49.82 0.07,83.7 89.92 58.36 0.57,79.66 70.28 10.09 0.55,15.63 50.71 45.73 0.43,63.33 59.91 54.72 0.45,37.95 30.31 15.96 0.48,81.08 74.33 19.57 0.09,56.73 48.99 27.04 0.56
64,76.26 94.82 29.88 0.31,3.6 43.7 66.29 0.26,7.39 30.25 45.18 0.82,29.17 60.17 1.09 0.63,58.67 74.71 17.77 0.12,82.29 50.64 29.63 0.18,11.83 43.34 35.76 0.45,64.11 51.65 60.64 0.31,97.16 56.23 98.56 0.39,1.01 70.97 28.87 0.26,61.13 91.21 31.7 0.73,66.96 70.39 52.37 0.89,1.75 91.85 17.78 0.79,33.06 9.66 99.48 1,32.34 31.01 51.01 0.27,6.9 88.1 40.48 0.35,56.12 98.51 14.48 0.61,27.08 37.92 60.63 0.32,77.18 37.04 99.91 0.45,34.95 16.06 14.87 0.47
65,59.77 36.13 61.98 0.32,71.58 77.46 89.87 0.97,71.24 12 22.02 0.68,62.21 62.25 13.22 0.33,11.33 47.06 83.31 0.08,88.35 22.14 78.45 0.23,98.1 60.48 28.56 0.2,14.53 16.41 24.71 0.97,67.95 37 16.74 0.52,83.61 28.08 15.3 0.89,70.78 3.44 78.57 0.95,35.99 70.83 76.56 0.39,45.68 99.36 87.14 0.82,55.7 11.85 22.62 0.2,48.39 41.24 92.83 0.74,58.9 75.98 84.46 0.32,59.61 78.2 47.64 0.45,94.33 31.42 10.34 0.54,25.79 91.24 24.23 0.38,24.52 4.47 18.69 0.34
66,50.39 15.71 34.87 0.18,0.62 15.01 40.31 0.66,40.04 43.25 23.09 0.48,83.8 26.13 18.06 0.37,79.12 87.99 67.42 0.86,61.08 9.48 3.76 0.47,44.07 77.46 82.63 0.34,18.24 34.92 80.53 0.65,32.37 8.55 42.67 0.96,9.06 55.51 52.31 0.72,5.03 41.91 87.28 0.72,90.89 95.06 43.36 0.33,28.96 31.1 93.41 0.98,21.93 76.87 44.8 0.08,89.02 54.49 50.81 0.32,78.41 99.11 96.75 0.6,17.8 87.94 77.86 0.98,52.9 60.74 14.2 0.55,71.13 56.19 50.64 0.56,12.58 88.54 42.59 0.09
67,76.28 58.56 82.87 0.98,91.95 61.03 34.56 0.46,0.93 68.82 23.16 0.44,16.49 56.55 85.07 0.2,37.99 22.39 59.51 0.03,0.53 24 86.39 0.22,2.57 44.82 22.07 0.48,59.83 54.13 78.94 0.47,34.2 21.83 71.87 0.47,29.12 28.63 64.83 0.02,82.78 11.81 77.78 0.86,55.49 14.64 96.69 0.56,6 76.53 35.35 0.04,87.64 78.81 85.07 0.08,29.4 37.84 79.38 0.23,79.27 76.9 28.57 0.98,56.1 45.71 55.92 0.64,32.02 27.02 59.7 0.61,36.75 72.97 22.92 0.77,10.02 82 94.22 0.22
68,19.16 22.66 65.67 0.36,30.75 47.65 56.74 0.2,92.37 13.94 97.44 0.29,0.68 80.08 27.82 0.3,49.71 68.3 8.84 0.1,40.07 16.94 13.33 0.98,16.7 78.16 29.3 0.8,72.26 53.13 35.71 0.41,13.46 5.88 71.85 0.86,76.88 27.36 97.56 0.4,8.68 16.26 20.23 0.88,64.62 98.47 0.01 0.33,70.95 90.45 89.03 0.44,37.26 88.58 0.22 0.4,60.24 9.05 31.77 0.59,53.44 99.33 14.48 0.77,80.05 89.43 89.65 0.98,1.14 76.22 22.86 0.78,82.04 61.06 25.61 0.3,29.58 25.54 97.81 0.03
69,21.07 44.88 55 0.53,22.27 26.64 45.2 0.17,74.19 87.1 7.11 0.48,71.62 46.42 58.83 0.08,26.69 61.13 7.63 0.45,64.84 73 54.9 0.56,6.81 47.6 43.85 0.76,12.79 85.86 62.14 0.35,90.21 80.8 9.59 0.37,24.27 65.09 74.91 0.82,48.74 57.65 68.46 0.63,74.93 53.26 68.61 0.71,29.98 32.68 34.72 0.91,52.32 96.46 30.93 0.87,54.92 76.28 24.92 0.62,74.65 53.14 38.9 0.96,83 66.81 30.43 0.25,99.97 66.88 71.8 0.28,53.85 77.13 14.97 0.03,65.81 83.92 47.1 0.84
70,97.78 76.39 42.7 0.87,32.87 13.13 56.45 0.2,26.93 1.77 7.56 0.33,33.87 75.1 89.84 0.48,99.14 79.72 15.45 0.23,20.44 79.81 70.83 0.92,51.66 50.67 37.06 0.14,66.38 6.25 21.31 0.54,64.66 48.89 28.85 0.74,66.25 53.85 7.32 0.31,69.35 49.66 5.93 0.81,56.12 80.11 59.77 0.44,13.68 14.32 95.69 0.16,13.64 83.54 5.02 0.33,40.82 24.84 96.34 0.03,5.76 28.58 58.9 0.35,92.25 93.75 11.01 0.49,23.77 54.03 50.53 0.47,64.25 67.76 52.81 0,96.11 43 77.19 0.33
71,95.85 79.64 51.99 0.51,73.93 73.41 43.81 0.72,32.89 57.87 45.1 0.78,59.41 41.3 93.79 0.88,5.56 8.88 38.02 0.58,12.87 92.86 45.14 0.72,41.26 99.85 93.45 0.45,22.47 41.4 52.53 0.52,54.78 21.76 63.71 0.59,29.74 22.88 56.25 0.16,38.78 81.5 40.8 0.46,88.99 32.89 87.46 0.21,68.74 29.6 7.13 0.16,89.96 74.35 0 0.9,23.1 62.27 42.14 0.62,47.78 80.59 8.17 0.85,33.68 28.1 87.96 0.18,81.98 13.06 9.07 0.2,79.71 75.83 87.56 0.05,27.42 4.08 83.89 0.48
72,48.23 50.01 89.54 0.61,78.74 19.98 4.76 0.47,23.63 64.33 82.06 0.94,33.47 22.67 63.19 0.66,63.91 52.46 23.79 0.81,81.05 22.3 24.51 0.61,33.74 79.79 27.21 0.77,75.84 68.68 98.8 0.11,21.63 7.38 32.71 0.29,1.4 62.9 92.14 0.89,83.5 53.92 41.72 0.17,56.15 42.46 76.6 0.95,99.24 10.19 99.31 0.48,9.12 2.4 83.28 0.2,33.43 6.4 93.81 0.77,45.8 33.73 47.24 0.67,44.12 67.06 66.75 0.24,33.43 25.38 71.1 0.63,86.84 41.8 31.25 0.99,23.24 3.34 35.49 0.87
73,17.42 21.06 44.36 0.92,61.7 72.32 13.1 0.86,16.95 78.79 93.82 0.85,15.95 54.66 23.11 0.05,4.26 87.27 64.16 0.08,29.44 33.58 81.37 0.41,19.15 63.99 37.14 0.28,85.58 62.89 88.3 0.49,3.78 93.87 17.13 0.58,18.36 6.78 89.91 0.07,45.62 91.18 35.61 0.58,65.71 6.51 26.91 0.85,86.85 59.81 92.29 0.84,68.63 44.2 23.52 0.59,92.17 90.27 2.43 0.43,55.87 48.99 52.06 0.15,88.1 64.39 92.05 0.8,56.96 6.15 17.5 0.41,65.53 44.16 97.65 0.57,71.72 24.58 97.56 0.11
74,91.23 43.12 61.48 0.04,5.82 11.84 43.72 0.36,31.93 3.07 80.2 0.59,33.25 44.82 48.06 0.29,50.11 33.12 96.5 0.92,7.65 6.07 17.12 0.2,93.49 57.67 11.39 1,85.71 96.75 79.31 0.81,40.73 76.26 9.55 0.78,77.18 88.89 93.2 0.07,32.82 85.4 53.15 0.2,70.11 66.08 56.15 0.8,10.13 29.99 30.92 0.15,99.31 54.6 5.36 0.39,87 84.06 44.41 0.71,41.26 17.93 26.07 0.67,61.35 77.6 33.56 0.91,86.41 4.85 94.83 0.01,83.99 42.14 71.92 0.8,23.55 42 83.7 0.07
75,79.72 53.21 71.64 0.03,1.46 70.81 94.76 0.78,90.98 73.85 92.01 0.21,38.11 12.04 3.96 0,63.89 33.23 0.52 0.45,67.32 22.37 99.89 0.08,17.24 67.47 31.7 0.73,43.84 76.07 15.67 0.66,19.16 88.94 48.95 0.19,78.33 88.8 94.22 0.4,73.89 57.93 35.78 0.32,19.92 26.88 3.28 0.84,45.04 63.34 90.31 0.47,80.2 13.04 48.81 0.87,57.61 83.12 5.51 0.45,80.98 27.73 83.09 0.61,12.9 15.11 46.61 0.38,8.7 40.24 42.13 0.44,38.47 26.73 51.55 0.42,0.11 50.98 37.66 0.36
76,99.23 60.68 65.45 0.81,90 63.38 4.24 0.66,60.11 13.63 86.65 0.91,13.79 15.77 51.7 0.88,4.99 12.98 74.18 0.84,51.66 52.6 6.1 0.68,10.15 10.53 4.87 0.73,33.47 96.83 22.71 0.41,66.01 35.03 60.8 0.72,34.01 12.63 92.39 0.26,42.6 52.83 69.27 0.48,23.73 7.62 87.84 0.63,44.67 14.57 21.69 0.23,98.99 98.41 76.1 0.05,1.2 94.32 10.59 0.11,87.58 96.19 21.36 0.84,61.26 69.49 27.59 0.97,51.85 8.67 43.57 0.56,41.85 98.66 66.44 0.02,50.91 98.88 71.02 0.09
77,56.79 35.85 95.54 0.31,2.8 17.38 97.46 0.18,28.08 71.9 97.54 0.26,72.14 21.41 90.53 0.13,21.07 37.63 21 0.02,12.78 17.95 88.6 0.97,7.56 71.16 89.88 0.48,30.32 47.36 64.03 0.33,0.26 77.79 1.96 0.49,38.88 85.86 1.58 0.47,5.32 48.17 9.57 0.26,54.75 63.55 5.11 0.84,57.82 37.32 90.33 0.39,92.78 59.7 13 0.02,34.37 71.2 90.95 0.21,82.9 10.42 13.32 0.33,65.89 23.25 82.93 0.32,71.83 10.68 63.5 0.94,5.48 10.86 71.71 0.53,85.85 19.79 17.22 0.77
78,50.11 31.72 92.42 0.24,89.24 54.91 0.8 0.94,35.25 29.39 21.28 0.7,93.42 13.99 40.76 0.02,60.65 96.37 23.39 0.33,78.4 3.07 93.39 0.6,22.35 91.56 61.75 0.89,22.31 6.07 93.32 0.51,15.3 94.24 55.7 0.14,58.76 57.17 59.29 0.21,21.69 18.21 0.13 0.49,20.47 28.91 95.35 0.69,76.46 76.04 16.71 0.52,19.91 27.42 56.02 0.95,51.12 13.38 49.31 0.27,70.35 68.28 77.31 0.2,67.79 57.2 72.94 0.09,57.18 52.9 43.76 0.95,30.42 73.49 2.11 0.6,34.81 67.2 36.32 0.69
79,37.27 87.81 66.58 0.13,86.47 57.29 10.81 0.64,2.64 81.63 34.91 0.8,27.95 40.29 50.62 0.62,68.69 51.5 40.3 0.54,83.45 53.8 80.5 0.82,43.46 9.53 63.23 0.13,43.82 83.23 4.37 0.72,15.73 87.56 80.8 0.16,34.91 22.82 20.27 0.7,79.58 17.32 80.21 0.94,88.23 2.48 35.36 0.12,25.49 13.47 38.73 0.94,17.34 94.97 34 0.16,43.14 78.25 18.79 0.05,91.92 13.45 78.86 0.08,8.45 93.73 30.47 0.17,75.28 86.79 41.74 0.95,9.01 82.8 58.97 0.7,81.19 49.71 31.37 0.17
80,94.64 91.87 65.03 0.54,51.22 55.21 52.82 0.19,73.59 51.59 15.05 0.58,2.5 99.38 67.91 0.02,0.52 64.78 99.45 0.12,40.85 39.38 89.64 0.42,54.45 5.52 20.97 0.68,77.14 49.38 17.33 0.28,18.64 17.01 64.66 0.39,56.39 12.6 71.26 0.45,50.02 27.41 69.55 0.89,2.9 66.02 5.18 0.21,55.74 36.52 11.03 0.37,4.27 80.62 87.17 0.45,29.13 54.82 31.94 0.24,74.69 25.5 93.75 0.72,35.51 71.21 57.83 0.9,59.55 52.78 73.54 0.16,49.67 41.74 19.16 0.71,67.33 6.06 41.69 0.82
81,58.35 34.68 72.36 0.86,39 74.28 9.5 0.87,88.92 17.83 53.95 0.15,23.59 1.35 24.53 0.91,64.69 62 70.14 0.06,88.18 89.99 57.43 0.07,99.17 74.9 30.1 0.49,71.01 73.21 64.18 0.25,24.16 35.69 47.13 0.99,86.12 49.12 67.19 0.92,74.29 65.63 84.04 0.85,29.72 7.49 40.97 0.96,94.33 11.58 83.16 0.68,26.72 52.66 33.04 0.86,35.29 76.68 96.09 0.77,13.74 47.81 9.68 0.34,20.72 61.68 20.77 0.1,4.16 28.45 58.26 0.29,52.55 74.24 24.33 0.42,58.86 95.85 45.49 0.22
82,44.83 25.33 31.27 0.08,7.38 52.71 14.01 0.08,69.53 50.19 85.12 0.16,47.83 13.61 71.72 0.84,2.71 68.39 14.94 0.74,50.51 26.04 93.47 0.84,95.32 96.9 34.83 0.76,85.17 47.57 1.16 0.78,35.83 44.43 80.53 0.37,29.36 82.68 3.63 0.47,94.9 80.17 42.76 0.58,30.06 50.33 17.23 0.1,68.95 9.49 70.18 0.57,46.03 32.89 20.39 0.46,6.34 65.36 80.43 0.73,36.59 65.94 59.23 0.5,82.48 90.2 62.26 0.15,7.7 46.59 93.72 0.67,77.73 95.52 26.12 0.42,33.7 71.03 19.25 0.57
83,13.41 22.82 66.68 0.52,83.29 49.72 13.95 0.66,49.6 74.82 54.28 0.82,83.04 75.74 54.17 0.4,68.97 80.26 47.73 0.17,4.2 13.15 3.19 0.23,10.46 12.82 71.2 0.35,20.05 62.28 34.9 0.71,32.59 57.69 33.47 0.18,30.75 54.93 34.42 0.3,85.05 75.01 22.95 0.94,86.37 10.05 3.59 0.7,51.1 46.61 85.76 0.29,51.89 35.52 26.78 0.19,92.99 36.34 73.56 0.14,41.22 17.54 16.7 0.5,32.18 72.57 49.76 0.28,76.99 56.24 91.01 0.29,50.7 46.6 36.02 0.16,80.47 53.97 67.93 0.32
84,92.93 30.08 62.62 0.49,4.43 47.23 97.08 0.46,8.43 81.65 17.77 0.36,96.23 15.66 13.68 0.5,69.24 17.53 51.66 0.81,14.96 77.86 73.2 0.01,36.52 35.16 2.64 0.41,21.58 41.49 38.1 0.59,74.68 54.36 96.87 0.38,96.46 44.42 65.28 0.56,96.21 44.15 87.62 0.09,11.4 32.26 39.72 0.27,62.54 84.96 63.14 0.72,65.86 24.45 28.41 0.78,51.1 75.7 74.52 0.49,55.07 80.03 42.6 0.02,86.04 73.68 26.5 0.96,90.02 23.27 27.1 0.05,97.72 52.81 48.72 0.11,51.67 56.18 31.88 0.43
85,30.57 54.41 45.01 0.76,33.86 66.65 29.59 0.39,7.39 83.77 33.39 0.46,55.61 60.55 23.09 0.49,56.83 8.37 60.32 0.38,14.93 78.88 22.82 0.56,58.61 83.45 72.32 0.82,56.63 22.92 13.56 0.75,44.01 30.92 86.62 0.97,21.96 29.95 97.22 0.38,70.89 29.99 33.59 0.68,51.58 9.79 20.78 0.19,80.8 33.06 13.03 0.3,98.33 93.44 2.94 0.6,52.81 32.57 20.26 0.03,82.41 5.63 24.14 0.36,10.55 43.28 71.45 0.88,99.35 62.22 25.49 0.19,84.9 77.81 61.3 0.07,99.09 55.78 35.59 0.38
86,95.44 50.23 72.28 0.36,14.99 27.65 58.45 0.7,85.26 65.54 98.46 0.93,62.67 97.83 54.22 0.66,24.6 31.65 3.13 0.12,52.48 30.02 46.95 0,81.24 30.75 89.26 0.66,69.96 8.3 95.89 0.87,58.58 63.03 15.8 0.57,69.98 10.75 84.39 0.21,73.57 47.52 23.21 0.35,0.54 6.99 47.8 0.55,66.16 28.15 72 0.5,57.75 36.41 83.41 0.74,52.27 50.17 23.47 0.91,31.43 23.22 65.97 0.49,38.28 1.67 76.67 0.02,56.58 85.86 70.53 0.91,42.43 46.2 49.47 0.97,36.61 97.91 76.39 0.92
87,47.88 47.56 68.42 0.12,0.18 2.21 77.55 0.72,96.01 91.22 88.24 0.08,99.97 3.76 73.9 0.62,58.41 80.88 17.39 0.09,5.97 27.49 62.63 0.61,86.97 19.61 52.12 0.17,35.45 6.49 97.25 0.63,37.65 67.21 51.76 0.88,28.01 57.09 72.66 0.6,73.72 44.88 49.7 0.9,29.64 47.32 38.26 0.01,74.03 94.13 11.67 0.33,33.09 40.36 82.96 0.73,66.2 92.64 41.36 0.6,55.21 83.95 56.92 0.03,79.65 94.17 37.3 0.19,71.57 86.85 30.88 0.97,20.55 86.49 14.42 0.41,26.8 41.13 91.14 0.05
88,49.74 1.93 59.11 0.11,93.98 99.15 37.7 0.34,89.31 73.7 22.42 0.44,89.2 27.37 32.09 0.72,79.2 8.51 39.47 0.47,41.32 15.36 27.33 0.73,82.38 62.81 28.77 0.65,43.17 96.93 11.81 0.72,67.83 14.19 3.24 0.33,97.86 56.11 52.85 0.04,0.73 52.55 71.63 0.52,34.24 88.85 23.38 0.63,66.16 57.59 85.37 0.1,97.34 52.73 26.96 0.68,53.6 64.7 30.28 0.89,99.31 42.54 72.32 0.81,37.47 71.85 49.3 0.68,63.77 7.29 91.09 0.86,68.2 97.99 25.42 0.44,50.53 21.53 20.19 0.58
89,95.21 18.87 68.12 0.79,82.85 10.58 34.24 0.62,74.43 40.02 24.5 0.8,36.44 99.89 67.89 0.57,51.15 71.89 56.22 0.74,27.18 47.91 78.84 0.49,7.14 43.19 99.56 0.64,30.07 3.13 1.96 0.89,40.06 3.51 42.34 0.6,30.65 1.68 83.03 0.88,77.73 14.33 37.05 0.68,73.74 6.96 72.13 0.91,51.2 15.46 83 0.03,18.31 89.91 19.09 0.81,57.99 76.74 96.54 0.84,97.38 12.42 78.43 0.47,20.57 5.77 43.71 0.53,54.54 61.33 94.15 0.79,41.97 40.09 97.24 0.14,68.56 66.95 45.84 0.87
90,54.99 66.95 85.94 0.17,34.85 65.46 21.59 0.87,21.47 19.86 14.73 0.76,82 18.06 24.26 0.97,2.6 22.11 52.05 0.48,67.76 7.66 71.89 0.39,65.61 58.98 52.59 0.22,50.32 11.66 79.68 0.65,31.67 11.4 30.61 0.89,60.2 97.34 45.86 0.4,10.79 74.8 27.83 0.99,65.98 71.51 6.22 0.08,34.99 39.87 11.78 0.92,38.76 62.57 93.05 0.22,29.1 73.22 51.2 0.21,31.65 2.06 9.64 0.42,7.79 38.52 7.59 0.98,10.71 12.69 3.13 0.38,26.56 26.35 85.61 0.92,86.17 85.01 10.85 0.99
91,58.34 85.96 63.53 0.63,61.36 15.78 79.95 0.51,45.65 37.34 21.79 0.4,86.65 32.47 38.19 0.21,57.46 36.95 65.93 0.87,24.64 77.59 55.4 0.87,75.36 65.31 63.32 0.56,24.74 9.27 56.45 0.85,26.44 99.25 62.17 0.34,13.94 75.04 84.8 0.59,45.82 21.87 24.89 0.52,41.71 28.1 70.3 0.49,86.23 10.36 1.48 0.84,53.09 61 70.65 0.86,35.58 82.64 28.87 0.21,66.68 47.01 38.19 0.3,15.67 18.6 54.73 0.72,89.91 46.68 52.6 0.36,74.75 23.1 82.3 0.86,0.48 2.49 35.55 0.34
92,83.67 13.35 25.03 0.41,8.09 86.58 6.65 0.94,25.21 34.29 52.53 0.2,74.38 45.1 21.61 0.37,68.97 18.45 34.91 0.91,86.87 55.62 40.64 0.59,79.96 77.17 60.89 0.72,26.72 56.57 72.78 0.94,53.17 7.61 53.28 0.21,82.76 34.9 23.25 0.8,90.54 95.34 75.99 0.6,78.02 7.03 94.82 0.67,7.91 77.17 55.35 0.93,0.52 19.69 77.45 0.21,48.64 19.3 54.26 0.46,36.42 17.53 97.95 0.83,58.82 3.79 46 0.54,36.95 55 49.11 1,99.63 43.44 54.02 0.47,28.03 18.51 96.48 0.5
93,73.63 99.32 25.83 0.63,63.49 27.04 14.23 0.21,9.41 10.52 0.75 0.1,46.63 52.02 81.82 0.5,93.56 67.27 9.05 0.91,51.64 94.86 64.18 0.69,23.36 20.98 1.89 0.11,65 13.51 19.75 0.94,72.37 78.99 1.13 0.65,81.49 9.48 26.35 0.71,8.97 13.28 73.78 0.85,84.01 12.77 96.11 0.34,44.2 40.7 13.26 0.26,22.53 40.82 3.16 0.32,0.52 4.5 38.62 0.54,61.88 39.26 80.59 0,29.18 61.24 69.4 0.96,59.67 67.4 78.24 0.96,52.82 46.16 2.88 0.26,0.74 69.99 84.52 0.9
94,24.37 79.92 25.71 0.17,15.33 86.07 21.68 0.5,23.66 81.57 57.89 0.6,5.58 55.29 10.43 0.07,34.58 93.85 21.52 0.66,51.58 76.99 96.49 0.72,43.55 79.52 10.38 0.27,93.7 70.87 45.44 0.45,89.82 68.9 40.4 0.55,81.91 68.66 60.35 0.72,13.81 81.07 36.83 0.7,89.95 31.65 71.24 0.47,35.6 48.17 53.18 0.44,48.02 11.2 94.75 0.74,43.36 4.85 40.59 0.2,58.24 7.8 24.58 0.78,33.25 13.58 42.33 0.86,99.84 4.65 93.81 0.73,68.67 65.67 25.15 0.91,78.11 86.07 63.53 0.58
95,23.41 50.62 39 0.74,99.86 62.97 81.27 0.62,96.17 81.56 36.16 0.87,47.56 51.72 22.17 0.64,90.51 17.64 63.16 0.54,19.52 29.79 68.02 0.77,72.88 30.99 93.04 0.89,87.84 31.74 9.44 0.74,42.83 8.23 62.77 0.6,58.79 49.65 62.05 0.08,19.17 96.03 9.57 0.27,52.5 70.86 73.2 0.39,9.45 56.62 78.28 0.52,6.39 62.59 16.62 0.39,76.46 99.09 65.63 0.43,90.02 72.58 39.77 0.96,17.55 0.33 19.66 0.71,24 23.4 47.75 0.81,86 47.84 28.49 0.61,53.28 97.89 12.66 0.85
96,86.04 48.44 91.4 0.48,54.88 22.95 93.23 0.52,21.03 97.84 6.64 0.34,76.79 48.46 60.86 0.15,27.76 26.16 59.35 0.15,68.71 2.31 30.81 0.56,27.58 47.48 15.36 0.78,47.1 85.34 83.89 0.47,91.95 36.92 84.12 0.55,60.33 27.49 93.03 0.42,41.53 78.32 93.35 0.94,32.62 79.67 54.27 0.54,99.57 26.61 11.36 0.06,3.65 79.6 86.81 0.48,66.38 74.03 84.26 0.1,3.74 43.18 73.52 0.13,9.12 5.71 6.61 0.99,78.82 67.05 58.68 0.42,88.35 88.41 49.08 0.23,92.45 73.49 59.42 0.22
97,44.52 35.17 4.96 0.84,26.18 13.66 17.26 0.53,12.56 99.09 57.33 0.24,77.12 96.51 97.84 0.6,1.71 47.78 49.62 0.26,55.37 35.45 83.33 0.31,50.95 50.58 56.18 0.75,56.23 14.16 90.17 0.38,91 59.66 52.39 0.39,71.73 59.49 90.39 0.17,2.17 0.16 75.18 0.61,96.35 39.63 43.64 0.61,60.34 96.48 21.89 0.09,39.78 17.87 88.75 0.74,10.53 31.14 32.33 0.65,95.1 9.57 41.2 0.49,40.23 20.54 73.57 0.38,66.84 27.01 98.55 0.65,47.53 16.89 82.13 1,1.38 79.67 55.29 0.44
98,54.67 56.67 9.18 0.35,27.59 32.55 72.64 0.72,80.97 37.21 0.67 0.95,91.91 57.29 64.13 0.86,55.19 97.51 55.77 0.7,28.23 79.09 93.9 0.45,57.83 54.34 52.15 0.8,29.8 21.05 68.87 0.79,8.07 48.16 23.53 0.69,49.77 9.16 75.88 0.47,42.62 47.83 36.1 0,78.18 30.91 17.36 0.35,69.94 17.91 3.8 0.22,71.11 35.79 40.21 0.3,76.94 1.34 13.75 0.29,86.3 15.99 38.45 0.93,61.64 97.14 41.23 0.77,0.23 81.16 21.03 0.45,66.9 33.64 66.6 0.94,14.09 80.43 16.61 0.26
99,13.18 75.67 74.21 0.03,45.61 45.01 45.5 0.04,21.66 52.15 31.99 0.13,38.2 97.71 25.53 0.46,9.94 95.71 50.53 0.8,95.03 41.79 27.77 0.57,43.61 44.84 44.78 0.04,66.31 59.45 24.14 0.81,35.5 24.12 83.77 0.77,47.33 75.36 26.48 0.17,83.21 52.31 44.71 0.87,63.11 73.23 40.68 0.57,4.93 11.56 84.46 0.89,0.25 14.37 67.27 0.61,24.15 58.56 77.37 0.7,78.5 56.08 67.79 0.38,89.09 1.08 21.27 0.18,42.27 73.31 54.36 0.1,39.26 0.47 63.19 0.76,6.82 89.07 70.71 0.79
100,3.27 65.52 91.08 0.04,37.58 81.8 7.37 0.46,62.36 24.23 52.67 0.73,24.81 30.37 29.66 0.27,11.71 61.15 32.03 0.06,35.13 47.36 72.94 0.64,38.36 92.41 58.54 0.91,84.96 57.13 70.44 0.02,25.9 52.63 37.77 0.79,67.32 51.2 81.71 0.04,92.11 90.22 48.64 0.14,49.04 4.8 7.49 0.51,19.97 55.93 66.3 0.23,75.11 59.49 51.82 0.64,51.82 43.79 23.94 0.05,2.56 8.02 94.98 0.34,61.6 42.91 28.57 0.43,66.75 32.4 27.41 0.36,72.6 12.83 6.76 0.08,24.57 60.8 99.26 0.52
